{
  "baseline": {
    "branch_id": "baseline",
    "branch_from_t": 3,
    "intervention_label": "No change",
    "outcome": {
      "monte_carlo": {
        "paths": [
          {
            "health_indices": [
              0.44330932455323513,
              0.44697213764053323,
              0.45788538528713907,
              0.46511995264139916
            ],
            "final_state": {
              "z": [
                0.43937044868498515,
                0.5252021285396984
              ],
              "m": [
                0.06561000000000002,
                0.14327859200000004
              ],
              "u": [
                0.16290124999999997,
                0.16290124999999997
              ],
              "t": 7
            },
            "seed": 19
          },
          {
            "health_indices": [
              0.43336167546782856,
              0.4455300450978168,
              0.45576607106708766,
              0.4566407767117425
            ],
            "final_state": {
              "z": [
                0.42725718311090777,
                0.5252024951136903
              ],
              "m": [
                0.06561000000000002,
                0.14327859200000004
              ],
              "u": [
                0.16290124999999997,
                0.16290124999999997
              ],
              "t": 7
            },
            "seed": 20
          },
          {
            "health_indices": [
              0.42946327838125337,
              0.4417965627646969,
              0.45406472013581334,
              0.4679074673700172
            ],
            "final_state": {
              "z": [
                0.44016239585471834,
                0.5326459675723814
              ],
              "m": [
                0.06561000000000002,
                0.14327859200000004
              ],
              "u": [
                0.16290124999999997,
                0.16290124999999997
              ],
              "t": 7
            },
            "seed": 21
          },
          {
            "health_indices": [
              0.43068425735120885,
              0.4330609975603118,
              0.4352533545763646,
              0.45106554890959505
            ],
            "final_state": {
              "z": [
                0.4117930516794857,
                0.5427013757798503
              ],
              "m": [
                0.06561000000000002,
                0.14327859200000004
              ],
              "u": [
                0.16290124999999997,
                0.16290124999999997
              ],
              "t": 7
            },
            "seed": 22
          },
          {
            "health_indices": [
              0.43533428811906405,
              0.4414848605720724,
              0.44955268632335277,
              0.4498569461358183
            ],
            "final_state": {
              "z": [
                0.4054084702545865,
                0.5535700565253594
              ],
              "m": [
                0.06561000000000002,
                0.14327859200000004
              ],
              "u": [
                0.16290124999999997,
                0.16290124999999997
              ],
              "t": 7
            },
            "seed": 23
          },
          {
            "health_indices": [
              0.433819649871681,
              0.44327187139508994,
              0.4420281665962958,
              0.44880161754839437
            ],
            "final_state": {
              "z": [
                0.4154728456005751,
                0.526568752093306
              ],
              "m": [
                0.06561000000000002,
                0.14327859200000004
              ],
              "u": [
                0.16290124999999997,
                0.16290124999999997
              ],
              "t": 7
            },
            "seed": 24
          }
        ],
        "percentiles": {
          "p10": [
            0.43068425735120885,
            0.4414848605720724,
            0.4420281665962958,
            0.4498569461358183
          ],
          "p25": [
            0.43068425735120885,
            0.4414848605720724,
            0.4420281665962958,
            0.4498569461358183
          ],
          "p50": [
            0.433819649871681,
            0.44327187139508994,
            0.45406472013581334,
            0.4566407767117425
          ],
          "p75": [
            0.43533428811906405,
            0.4455300450978168,
            0.45576607106708766,
            0.46511995264139916
          ],
          "p90": [
            0.44330932455323513,
            0.44697213764053323,
            0.45788538528713907,
            0.4679074673700172
          ]
        },
        "mean_trajectory": [
          0.4343287456240452,
          0.44201941250508686,
          0.44909173066434227,
          0.45656538488616105
        ],
        "config": {
          "num_paths": 6,
          "time_steps": 4,
          "seed_base": 19
        }
      },
      "composure": {
        "timeline": [
          {
            "t": 0,
            "value": 0.4343287456240452,
            "event_type": "Normal"
          },
          {
            "t": 1,
            "value": 0.44201941250508686,
            "event_type": "Normal"
          },
          {
            "t": 2,
            "value": 0.44909173066434227,
            "event_type": "Normal"
          },
          {
            "t": 3,
            "value": 0.45656538488616105,
            "event_type": "Normal"
          }
        ],
        "archetype": "Surge",
        "metrics": {
          "slope": 0.007378223594560307,
          "variance": 0.00006806366963329208,
          "peak": 0.45656538488616105,
          "trough": 0.4343287456240452,
          "recovery_half_life": null,
          "residual_damage": 0.0,
          "break_point": 0
        }
      },
      "replay": null,
      "metadata": null
    },
    "summary": {
      "monte_carlo": {
        "time_steps": 4,
        "num_paths": 6,
        "start": 0.4343287456240452,
        "end": 0.45656538488616105,
        "min": 0.4343287456240452,
        "max": 0.45656538488616105,
        "mean": 0.44550131841990886,
        "auc": 1.3365582084245324,
        "p10_end": 0.4498569461358183,
        "p50_end": 0.4566407767117425,
        "p90_end": 0.4679074673700172,
        "final_band_width": 0.018050521234198924
      },
      "composure": {
        "archetype": "Surge",
        "slope": 0.007378223594560307,
        "variance": 0.00006806366963329208,
        "peak": 0.45656538488616105,
        "trough": 0.4343287456240452,
        "recovery_half_life": null,
        "residual_damage": 0.0,
        "break_point": 0
      }
    }
  },
  "candidate": {
    "branch_id": "candidate",
    "branch_from_t": 3,
    "intervention_label": "Recovery",
    "outcome": {
      "monte_carlo": {
        "paths": [
          {
            "health_indices": [
              0.4545093245532351,
              0.46934525764053325,
              0.4914074332871392,
              0.5097691558413991
            ],
            "final_state": {
              "z": [
                0.5031550246849852,
                0.5252021285396984
              ],
              "m": [
                0.06891144000000003,
                0.14327859200000004
              ],
              "u": [
                0.17477285,
                0.16290124999999997
              ],
              "t": 7
            },
            "seed": 19
          },
          {
            "health_indices": [
              0.44456167546782865,
              0.4679031650978168,
              0.4919141599117426,
              0.5146938076387615
            ],
            "final_state": {
              "z": [
                0.5058478047953445,
                0.5353344809400681
              ],